index,lat,lon,alt,X,Y,Z,psi,theta,phi,TAS,JSHead,JSPitch,JSRoll,throttle,thrust,fuel_flow,rudder,elevator,left_ail,right_ail,ground_speed,wind_speed,roll_rate,num_wp,x_wp,y_wp,z_wp,wp_dist,yaw_reff,wp_stat,ph_stat,wl_stat,yaw_error,JSRoll_Sim,Roll_lim_stat,KP,KD,error_rate
1.0,-31.508000000000006,118.73,2512.0,248.69,65.10600000000001,18.039,75.057,7.2847,-0.8628899999999999,67.344,-0.0039216,0.13725,-0.048193,0.77777,-94.904,0.0,0.0,-4.7022,-0.59267,0.28614,67.344,0.0,-2.2477,1.0,3795.0,1665.0,1000.0,3890.5,65.718,1.0,0.0,0.0,9.3396,-0.035210000000000005,0.0,-0.035210000000000005,0.0,0.0
4.0,-31.508000000000006,118.73,2517.0,326.99,85.823,23.095,74.675,6.7202,-2.5610000000000004,65.881,-0.0039216,0.13725,-0.027383,0.59501,-90.793,0.0,0.0,-4.862,-0.34068000000000004,0.16014,65.881,0.0,-1.0731,1.0,3795.0,1665.0,1000.0,3810.6,65.518,1.0,0.0,0.0,9.157,-0.034522000000000004,0.0,-0.034522000000000004,0.0,0.0
8.0,-31.508000000000006,118.73,2521.8,432.12,114.58,28.013,73.87,5.4036,-3.8615,64.187,-0.0039216,0.13725,-0.010187,0.5072300000000001,-86.104,0.0,0.0,-4.9519,-0.12219,0.0509,64.187,0.0,-0.39181,1.0,3795.0,1665.0,1000.0,3703.1,65.248,1.0,0.0,0.0,8.6216,-0.014659,0.0,-0.032503,0.017844,-0.53747
12.0,-31.508000000000006,118.73,2523.5,531.45,143.34,29.719,72.92,3.5495,-4.5565,63.082,-0.0039216,0.13725,-0.0036966,0.44139,52.497,0.017324000000000003,0.0,-5.0498,-0.043474,0.011541,63.082,0.0,-0.047178,1.0,3795.0,1665.0,1000.0,3600.9,65.002,1.0,0.0,0.0,7.9176,-0.029849,0.0,-0.029849,0.0,0.0
16.0,-31.507,118.73,2521.5,626.43,172.33,27.856,71.95100000000002,1.4674,-4.6714,62.625,-0.0039216,0.13725,0.0081296,0.47503,69.24600000000001,0.017719,0.0,-5.0681,0.066715,-0.13304000000000002,62.625,0.0,-0.12248,1.0,3795.0,1665.0,1000.0,3502.6,64.775,1.0,0.0,0.0,7.176,-0.027054,0.0,-0.027054,0.0,0.0
20.0,-31.507,118.74,2512.5,759.12,215.93,18.954,70.65,-1.5503,-4.3021,62.972,-0.0039216,0.13725,-2.7181e-05,0.47503,86.96600000000002,0.018123,0.0,-5.057,0.0051252,-0.012759,62.972,0.0,0.036914,1.0,3795.0,1665.0,1000.0,3364.0,64.484,1.0,0.0,0.0,6.1662,-0.023246,0.0,-0.023246,0.0,0.0
24.0,-31.507,118.74,2501.8,852.65,248.96,8.3538,69.774,-3.4760000000000004,-4.0629,63.875,-0.0039216,0.13725,0.0079545,0.47503,118.08,0.018815,0.0,-5.0293,0.057842,-0.11529,63.875,0.0,0.28356,1.0,3795.0,1665.0,1000.0,3265.4,64.3,1.0,0.0,0.0,5.4735,-0.020635,0.0,-0.020635,0.0,0.0
28.0,-31.506,118.74,2486.6,955.61,286.86,-6.7433,68.865,-5.1695,-3.8195,65.38,-0.0039216,0.13725,0.012275,0.47503,212.8,0.020925,0.0,-4.9791,0.085302,-0.17021,65.38,0.0,0.44842,1.0,3795.0,1665.0,1000.0,3156.2,64.11,1.0,0.0,0.0,4.7548,0.012003,0.0,-0.017925999999999997,0.024604,-0.7410800000000001
32.0,-31.506,118.74,2468.6,1060.0,327.1,-24.658,68.10600000000001,-6.3592,-2.9793,67.35,-0.0039216,0.13725,0.0097492,0.47503,557.27,0.028574,0.0,-4.9305,0.06805499999999999,-0.13572,67.35,0.0,0.4173,1.0,3795.0,1665.0,1000.0,3044.7,63.933,1.0,0.0,0.0,4.1728,0.0089378,0.0,-0.015731000000000002,0.0,0.0
36.0,-31.506,118.74,2447.0,1174.6,372.85,-46.175,67.491,-7.136,-2.2434,70.089,-0.0039216,0.13725,0.0075093,0.47503,1182.0,0.042805,0.0,-4.8948,0.053935,-0.10748,70.089,0.0,0.32729,1.0,3795.0,1665.0,1000.0,2921.7,63.752,1.0,0.0,0.0,3.739,0.0071783,0.0,-0.014096,0.010131,-0.30515
40.0,-31.505,118.74,2424.9,1289.1,420.29,-68.183,67.033,-7.0472,-1.6892,72.986,-0.0039216,0.13725,0.0056201,0.47503,1320.4,0.04596,0.0,-4.7731,0.042086,-0.08377899999999999,72.986,0.0,0.24768,1.0,3795.0,1665.0,1000.0,2798.0,63.58600000000001,1.0,0.0,0.0,3.4472,0.0050677,0.0,-0.012996,0.0,0.0
44.0,-31.505,118.74,2402.0,1416.0,473.66,-90.899,66.658,-6.0073,-1.2439,75.817,-0.0039216,0.13725,0.004131800000000001,0.47503,1331.2,0.046178,0.0,-4.6464,0.032764,-0.065136,75.817,0.0,0.18447,1.0,3795.0,1665.0,1000.0,2660.6,63.399,1.0,0.0,0.0,3.2588,0.0037318,0.0,-0.012286,0.0,0.0
48.0,-31.504,118.74,2382.8,1543.6,528.28,-110.01,66.381,-4.2378,-0.93142,78.023,-0.0039216,0.13725,0.0030993,0.47503,1325.5,0.046023,0.0,-4.5512,0.026362,-0.052333000000000005,78.023,0.0,0.13712,1.0,3795.0,1665.0,1000.0,2522.1,63.21100000000001,1.0,0.0,0.0,3.1704,0.0027943,0.0,-0.011952,0.0,0.0
52.0,-31.504,118.74,2368.7,1670.5,583.3,-124.02,66.172,-1.9994,-0.71611,79.486,-0.0039216,0.13725,0.0022923,0.47503,1320.6,0.045897,0.0,-4.4892,0.021463,-0.042533,79.486,0.0,0.094054,1.0,3795.0,1665.0,1000.0,2384.0,63.017,1.0,0.0,0.0,3.1555,0.0023126,0.0,-0.011896,-0.0048511000000000006,0.14612
56.0,-31.503,118.75,2360.6,1793.8,637.04,-131.97,66.014,0.4148,-0.57267,80.163,-0.0039216,0.13725,0.0018036,0.47503,1318.4,0.045841,0.0,-4.4593,0.018428,-0.036464,80.163,0.0,0.071628,1.0,3795.0,1665.0,1000.0,2249.8,62.812,1.0,0.0,0.0,3.202,0.0017866,0.0,-0.012071,-0.006441,0.19401
60.0,-31.503,118.75,2358.5,1935.9,699.44,-133.92,65.867,3.2947,-0.46283,80.048,-0.0039216,0.13725,0.0014037,0.47503,1319.2,0.045865,0.0,-4.4597,0.016024,-0.031655,80.048,0.0,0.048877,1.0,3795.0,1665.0,1000.0,2094.9,62.554,1.0,0.0,0.0,3.313,0.0013885,0.0,-0.01249,0.0,0.0
64.0,-31.502,118.75,2363.8,2073.7,760.53,-128.47,65.748,5.9832,-0.39005,79.051,-0.0039216,0.13725,0.0011783,0.47503,1323.4,0.045974,0.0,-4.4947,0.014671,-0.028951,79.051,0.0,0.036084,1.0,3795.0,1665.0,1000.0,1944.5,62.28,1.0,0.0,0.0,3.4676,0.001212,0.0,-0.013073,-0.0073979,0.22283000000000006
68.0,-31.502,118.75,2374.0,2195.5,814.43,-118.15,65.657,8.0925,-0.34453,77.505,-0.0039216,0.13725,0.0010958,0.47503,1329.4,0.046133,0.0,-4.5531,0.014213,-0.028034,77.505,0.0,0.029387,1.0,3795.0,1665.0,1000.0,1811.6,61.997,1.0,0.0,0.0,3.6599,0.0010335999999999998,0.0,-0.013798,0.0,0.0
72.0,-31.501,118.75,2389.0,2320.2,870.21,-103.04,65.57300000000001,9.8221,-0.31395,75.359,-0.0039216,0.13725,0.00096426,0.47503,1337.7,0.046353,0.0,-4.6395,0.013441,-0.02649,75.359,0.0,0.020965,1.0,3795.0,1665.0,1000.0,1675.3,61.679,1.0,0.0,0.0,3.8945,0.00094185,0.0,-0.014682,0.0,0.0
76.0,-31.501,118.75,2406.6,2440.6,924.08,-85.323,65.498,10.889,-0.29543,72.88,-0.0039216,0.13725,0.0008954000000000002,0.47503,1347.1,0.046604,0.0,-4.7461,0.013079,-0.025767,72.88,0.0,0.01408,1.0,3795.0,1665.0,1000.0,1543.8,61.319,1.0,0.0,0.0,4.1793,0.00089648,0.0,-0.015756,-0.014403999999999997,0.43386
80.0,-31.5,118.75,2424.2,2552.3,974.15,-67.637,65.433,11.182,-0.2834,70.402,-0.0039216,0.13725,0.00085229,0.47503,1356.5,0.046853,0.0,-4.8606,0.012792,-0.025192,70.402,0.0,0.01325,1.0,3795.0,1665.0,1000.0,1421.8,60.929,1.0,0.0,0.0,4.5038,0.00085019,0.0,-0.016978999999999998,0.0,0.0
84.0,-31.5,118.76,2440.7,2658.9,1022.3,-51.073,65.373,10.711,-0.27397,68.065,-0.0039216,0.13725,0.00082763,0.47503,1365.3,0.047092,0.0,-4.9782,0.012647,-0.024903,68.065,0.0,0.011809,1.0,3795.0,1665.0,1000.0,1305.3,60.503,1.0,0.0,0.0,4.8703,0.00082192,0.0,-0.018361,0.0,0.0
88.0,-31.499,118.76,2456.2,2774.2,1074.5,-35.451,65.212,9.3129,-1.4447,65.855,-0.0039216,0.13725,-0.021982,0.47503,1373.4,0.047313,0.0,-5.0808,-0.26842,0.12402,65.855,0.0,-0.95159,1.0,3795.0,1665.0,1000.0,1179.3,59.951,1.0,0.0,0.0,5.2607,-0.019833,0.0,-0.019833,0.0,0.0
92.0,-31.499,118.76,2466.6,2879.4,1122.7,-24.965,64.653,7.2727,-3.1984,64.39699999999999,-0.0039216,0.13725,0.0022304,0.47503,1378.8,0.047461,0.0,-5.1745,0.033679,-0.066966,64.39699999999999,0.0,-0.56699,1.0,3795.0,1665.0,1000.0,1064.2,59.362,1.0,0.0,0.0,5.2908,-0.0094727,0.0,-0.019946,0.010473,-0.31547
96.0,-31.498,118.76,2472.0,2978.7,1169.4,-19.455,63.809,4.834,-4.2839,63.697,-0.0039216,0.13725,-0.010452,0.47503,1381.3,0.047531,0.0,-5.2055,-0.11225999999999997,0.045932,63.697,0.0,-0.7590899999999999,1.0,3795.0,1665.0,1000.0,954.96,58.735,1.0,0.0,0.0,5.0736,-0.019127,0.0,-0.019127,0.0,0.0
100.0,-31.498,118.76,2472.4,3081.7,1220.3,-18.969,62.861,2.0715,-3.7258,63.78100000000001,-0.0039216,0.13725,0.011855,0.47503,1380.9,0.04752,0.0,-5.2441,0.081633,-0.16287,63.78100000000001,0.0,0.48576,1.0,3795.0,1665.0,1000.0,840.55,58.06100000000001,1.0,0.0,0.0,4.7994,0.011177,0.0,-0.018094,0.0,0.0
104.0,-31.498,118.76,2467.2,3187.6,1274.3,-24.087,62.118,-0.5736899999999999,-2.9218,64.71,-0.0039216,0.13725,0.0094906,0.47503,1377.4,0.047423,0.0,-5.1982,0.06664199999999999,-0.13289,64.71,0.0,0.39413,1.0,3795.0,1665.0,1000.0,722.24,57.24800000000001,1.0,0.0,0.0,4.8698,0.008765299999999998,0.0,-0.018359,0.0,0.0
108.0,-31.497,118.76,2456.6,3297.1,1332.2,-34.61,61.445,-2.75,-3.7985,66.398,-0.0039216,0.13725,0.019708,0.47503,1371.0,0.047248000000000005,0.0,-5.046,0.17155,-0.34272,66.398,0.0,-1.3942,1.0,3795.0,1665.0,1000.0,598.87,56.245,1.0,0.0,0.0,5.2001,-0.013157,0.0,-0.019604,0.006447399999999999,-0.1942
112.0,-31.496,118.76,2443.0,3400.8,1388.5,-48.091,60.284,-4.1488,-5.4935,68.414,-0.0039216,0.13725,-0.049315,0.47503,1363.5,0.047045,0.0,-4.9736,-0.64061,0.31011,68.414,0.0,-1.3806,1.0,3795.0,1665.0,1000.0,481.5,54.956,1.0,0.0,0.0,5.3282,-0.020087,0.0,-0.020087,0.0,0.0
116.0,-31.496,118.76,2427.0,3505.9,1449.0,-64.002,59.249,-4.7557,-1.0519,70.653,-0.0039216,0.13725,0.078188,0.47503,1355.2,0.046821,0.0,-4.8788,0.4975600000000001,-0.99473,70.653,0.0,3.5427,2.0,6255.0,2265.0,1000.0,2867.6,73.468,1.0,0.0,0.0,-14.219,0.053606,0.0,0.053606,0.0,0.0
120.0,-31.495,118.77,2410.5,3611.8,1510.6,-80.374,59.826,-4.6207,3.9043,72.825,-0.0039216,0.13725,0.039981,0.47503,1347.2,0.046608,0.0,-4.7715,0.25093000000000004,-0.50146,72.825,0.0,2.1215,2.0,6255.0,2265.0,1000.0,2748.7,74.071,1.0,0.0,0.0,-14.245,0.053704,0.0,0.053704,0.0,0.0
124.0,-31.495,118.77,2393.5,3730.0,1577.3,-97.229,61.33600000000001,-3.8615,6.7189,74.925,-0.0039216,0.13725,0.005454,0.47503,1339.4,0.046403,0.0,-4.6668,0.030933,-0.061473,74.925,0.0,0.7454,2.0,6255.0,2265.0,1000.0,2617.0,74.764,1.0,0.0,0.0,-13.428,0.050623,0.0,0.050623,0.0,0.0
128.0,-31.494,118.77,2379.5,3848.2,1639.2,-111.18,63.136,-2.6296,7.4067,76.543,-0.0039216,0.13725,-0.0066763000000000005,0.47503,1333.5,0.046248,0.0,-4.579,-0.091445,0.035526,76.543,0.0,0.10462,2.0,6255.0,2265.0,1000.0,2486.8,75.426,1.0,0.0,0.0,-12.29,0.046332,0.0,0.046332,0.0,0.0
132.0,-31.494,118.77,2368.4,3974.4,1700.6,-122.18,65.095,-0.93551,7.9116,77.70100000000002,-0.0039216,0.13725,-0.017342,0.47503,1329.5,0.046143,0.0,-4.5261,-0.23245,0.10603,77.70100000000002,0.0,-0.17756,2.0,6255.0,2265.0,1000.0,2349.4,76.09899999999998,1.0,0.0,0.0,-11.004,0.041486,0.0,0.041486,0.0,0.0
136.0,-31.493,118.77,2362.1,4094.8,1753.9,-128.38,66.992,0.84721,7.5889,78.232,-0.0039216,0.13725,-0.0060256,0.47503,1327.7,0.0461,0.0,-4.5032,-0.061961,0.020784,78.232,0.0,-0.43193,2.0,6255.0,2265.0,1000.0,2219.8,76.688,1.0,0.0,0.0,-9.6951,0.036551,0.0,0.036551,0.0,0.0
140.0,-31.493,118.77,2360.1,4216.7,1803.3,-130.34,68.749,2.7238,7.1936,78.222,-0.0039216,0.13725,-0.009445,0.47503,1328.0,0.046109,0.0,-4.495,-0.10187,0.040738,78.222,0.0,-0.6621600000000001,2.0,6255.0,2265.0,1000.0,2090.0,77.238,1.0,0.0,0.0,-8.4888,0.032003,0.0,0.032003,0.0,0.0
144.0,-31.492,118.77,2363.2,4362.4,1857.0,-127.2,70.64699999999998,4.8907,6.2304,77.533,-0.0039216,0.13725,-0.016487,0.47503,1330.9,0.046186000000000005,0.0,-4.5172,-0.1939,0.086752,77.533,0.0,-0.87387,2.0,6255.0,2265.0,1000.0,1936.1,77.834,1.0,0.0,0.0,-7.1874,-0.024145,0.0,0.027097000000000003,-0.051242,1.5434
148.0,-31.492,118.77,2370.0,4485.0,1898.0,-120.37,72.017,6.5234,5.3559,76.443,-0.0039216,0.13725,-0.0051722,0.47503,1335.3,0.046302,0.0,-4.5655,-0.038127,0.008867100000000001,76.443,0.0,-0.73845,2.0,6255.0,2265.0,1000.0,1807.7,78.285,1.0,0.0,0.0,-6.2674,0.023628,0.0,0.023628,0.0,0.0
152.0,-31.491,118.78,2383.0,4638.8,1945.2,-107.37,73.46300000000002,8.141,4.7133,74.527,-0.0039216,0.13725,-0.0020794,0.47503,1342.7,0.046498000000000005,0.0,-4.6648,-0.026957,0.0032825000000000003,74.527,0.0,0.1077,2.0,6255.0,2265.0,1000.0,1647.6,78.809,1.0,0.0,0.0,-5.3462,-0.020868,0.0,0.020155000000000003,-0.041023,1.2356
156.0,-31.491,118.78,2396.4,4767.1,1981.5,-93.936,74.594,8.9543,4.14,72.602,-0.0039216,0.13725,-0.013369999999999998,0.47503,1350.0,0.046694,0.0,-4.7353,-0.15611,0.067858,72.602,0.0,-0.69515,2.0,6255.0,2265.0,1000.0,1514.6,79.214,1.0,0.0,0.0,-4.6198,-0.01242,0.0,0.017417,0.0,0.0
160.0,-31.491,118.78,2411.3,4899.1,2016.6,-79.04899999999998,75.507,9.1593,3.0939,70.483,-0.0039216,0.13725,-0.0093862,0.47503,1358.0,0.04691,0.0,-4.8472,-0.10618,0.042893,70.483,0.0,-0.5203800000000001,2.0,6255.0,2265.0,1000.0,1378.4,79.617,1.0,0.0,0.0,-4.1101,-0.0092816,0.0,0.015494999999999997,0.0,0.0
164.0,-31.491,118.78,2425.7,5034.1,2049.9,-64.62899999999999,76.199,8.6064,2.3,68.433,-0.0039216,0.13725,-0.0075859,0.47503,1365.7,0.047116000000000005,0.0,-4.9542,-0.08553200000000001,0.03257,68.433,0.0,-0.39099,2.0,6255.0,2265.0,1000.0,1239.8,80.008,1.0,0.0,0.0,-3.8093,-0.0075283999999999985,0.0,0.014361,-0.024921,0.75064
168.0,-31.49,118.78,2437.4,5164.6,2080.9,-53.021,76.697,7.3208,1.7007,66.791,-0.0039216,0.13725,-0.005474199999999999,0.47503,1371.9,0.047284,0.0,-5.0467,-0.059480999999999985,0.019544,66.791,0.0,-0.28918,2.0,6255.0,2265.0,1000.0,1105.8,80.416,1.0,0.0,0.0,-3.7192,-0.0051022,0.0,0.014021,0.0,0.0
172.0,-31.49,118.78,2444.5,5282.1,2107.9,-45.927,77.03,5.6327,1.2795,65.816,-0.0039216,0.13725,-0.0041299,0.47503,1375.4,0.047382,0.0,-5.1066,-0.043166,0.011387,65.816,0.0,-0.21718,2.0,6255.0,2265.0,1000.0,985.5,80.827,1.0,0.0,0.0,-3.7971,-0.0038385,0.0,0.014315,0.0,0.0
176.0,-31.49,118.78,2447.6,5401.0,2134.5,-42.828,77.277,3.623,0.94349,65.445,-0.0039216,0.13725,-0.0030493,0.47503,1376.8,0.047418,0.0,-5.1342,-0.029713,0.00466,65.445,0.0,-0.16910999999999998,2.0,6255.0,2265.0,1000.0,863.87,81.31,1.0,0.0,0.0,-4.0329,-0.0028305,0.0,0.015204,0.0,0.0
180.0,-31.49,118.79,2446.3,5520.7,2160.9,-44.146,77.457,1.5308,0.67471,65.735,-0.0039216,0.13725,-0.0022667,0.47503,1375.6,0.047387,0.0,-5.1247,-0.020144,-0.00012429,65.735,0.0,-0.12975,2.0,6255.0,2265.0,1000.0,741.64,81.929,1.0,0.0,0.0,-4.4717,-0.0020241,0.0,0.016858,0.0,0.0
184.0,-31.489,118.79,2440.9,5638.9,2186.4,-49.555,77.577,-0.29957,0.51097,66.609,-0.0039216,0.13725,0.023708,0.47503,1372.3,0.047297000000000006,0.0,-5.0804,0.16253,-0.32466,66.609,0.0,0.65137,2.0,6255.0,2265.0,1000.0,621.07,82.73100000000002,1.0,0.0,0.0,-5.154,0.019430000000000003,0.0,0.019430000000000003,0.0,0.0
188.0,-31.489,118.79,2432.1,5758.6,2212.0,-58.451,78.105,-1.7117,3.5285,67.947,-0.0039216,0.13725,0.065884,0.47503,1367.3,0.04716,0.0,-5.0151,0.4323,-0.86421,67.947,0.0,2.2571,2.0,6255.0,2265.0,1000.0,499.24,83.90299999999998,1.0,0.0,0.0,-5.797999999999999,0.035052999999999994,0.0,0.021858,0.013194999999999998,-0.39743
192.0,-31.489,118.79,2420.1,5886.2,2237.3,-70.51,79.37100000000002,-2.6359,2.8858,69.66,-0.0039216,0.13725,-0.095708,0.47503,1360.9,0.046988,0.0,-4.7318,-1.1788,0.57919,69.66,0.0,-4.8419,3.0,8055.0,3075.0,1000.0,2324.9,68.881,1.0,0.0,0.0,10.49,-0.039546,0.0,-0.039546,0.0,0.0
196.0,-31.489,118.79,2406.3,6019.6,2262.0,-84.375,79.092,-2.9169,-2.5966,71.524,-0.0039216,0.13725,-0.045585,0.47503,1354.0,0.046802,0.0,-4.8069,-0.55899,0.2693,71.524,0.0,-2.1684,3.0,8055.0,3075.0,1000.0,2191.7,68.227,1.0,0.0,0.0,10.865,-0.039257,0.0,-0.04096,0.0017036999999999998,-0.051315
200.0,-31.488000000000003,118.79,2391.5,6165.4,2290.8,-99.162,77.813,-2.5563,-5.2966,73.396,-0.0039216,0.13725,-0.019356,0.47503,1347.1,0.04662,0.0,-4.7452,-0.22937,0.10449,73.396,0.0,-1.0072,3.0,8055.0,3075.0,1000.0,2045.9,67.46,1.0,0.0,0.0,10.353,-0.0060853,0.0,-0.03903,0.032945,-0.99231
204.0,-31.488000000000003,118.79,2379.7,6298.8,2320.3,-111.09,76.256,-1.7399,-6.3179,74.81,-0.0039216,0.13725,0.00041224,0.47503,1342.0,0.046485000000000005,0.0,-4.7048,0.012134,-0.023875,74.81,0.0,-0.10922,3.0,8055.0,3075.0,1000.0,1911.4,66.74600000000001,1.0,0.0,0.0,9.5107,-0.035855,0.0,-0.035855,0.0,0.0
208.0,-31.488000000000003,118.79,2370.3,6432.3,2353.7,-120.52,74.581,-0.55428,-6.7129,75.837,-0.0039216,0.13725,-0.032448000000000005,0.47503,1338.3,0.046389,0.0,-4.6458,-0.42826,0.20393,75.837,0.0,-0.71823,3.0,8055.0,3075.0,1000.0,1775.8,66.035,1.0,0.0,0.0,8.5466,-0.032221,0.0,-0.032221,0.0,0.0
212.0,-31.487,118.8,2364.1,6565.0,2391.3,-126.74,72.921,0.87235,-6.211,76.416,-0.0039216,0.13725,-0.028671,0.47503,1336.3,0.046339,0.0,-4.6163,-0.39488,0.18724,76.416,0.0,-0.13095,3.0,8055.0,3075.0,1000.0,1639.4,65.351,1.0,0.0,0.0,7.5698,0.015046,0.0,-0.028538,0.043584,-1.3128
216.0,-31.487,118.8,2361.6,6697.0,2432.5,-129.31,71.347,2.4136,-5.8689,76.515,-0.0039216,0.13725,-0.004725899999999999,0.47503,1336.2,0.046337,0.0,-4.6143,-0.07171699999999999,0.025662,76.515,0.0,0.2946,3.0,8055.0,3075.0,1000.0,1502.3,64.679,1.0,0.0,0.0,6.6677,-0.025137,0.0,-0.025137,0.0,0.0
220.0,-31.487,118.8,2362.9,6833.4,2479.6,-128.01,69.765,4.0112,-5.8627,76.113,-0.0039216,0.13725,0.033504,0.47503,1337.9,0.046384,0.0,-4.6268,0.23724,-0.47409,76.113,0.0,0.41358,3.0,8055.0,3075.0,1000.0,1359.0,64.014,1.0,0.0,0.0,5.7505,-0.021679,0.0,-0.021679,0.0,0.0
224.0,-31.486,118.8,2368.1,6969.8,2530.2,-122.85,68.29,5.4641,-5.1529,75.23,-0.0039216,0.13725,0.016733,0.47503,1341.5,0.046478,0.0,-4.6691,0.1109,-0.2214,75.23,0.0,0.78133,3.0,8055.0,3075.0,1000.0,1214.3,63.344,1.0,0.0,0.0,4.9457,0.016526,0.0,-0.018645,0.023048,-0.69422
228.0,-31.486,118.8,2376.1,7098.9,2582.2,-114.81,67.13,6.5963,-3.9078,73.998,-0.0039216,0.13725,0.012838999999999998,0.47503,1346.3,0.046606,0.0,-4.7169,0.085833,-0.17127,73.998,0.0,0.64107,3.0,8055.0,3075.0,1000.0,1075.7,62.731,1.0,0.0,0.0,4.3989,0.011724,0.0,-0.016584,0.0,0.0
232.0,-31.485,118.8,2386.6,7230.9,2637.9,-104.3,66.232,7.352,-2.9548,72.456,-0.0039216,0.13725,0.0094562,0.47503,1352.2,0.046765,0.0,-4.7831,0.065222,-0.13005,72.456,0.0,0.4613100000000001,3.0,8055.0,3075.0,1000.0,932.82,62.058,1.0,0.0,0.0,4.1734,0.0094291,0.0,-0.015734,0.035143,-1.0585
236.0,-31.485,118.8,2397.4,7352.1,2691.1,-93.546,65.589,7.5784,-2.2983,70.905,-0.0039216,0.13725,0.0073155,0.47503,1358.1,0.046923,0.0,-4.8538,0.052366,-0.10434,70.905,0.0,0.33862,3.0,8055.0,3075.0,1000.0,800.92,61.359,1.0,0.0,0.0,4.23,0.0072423,0.0,-0.015947,0.0023757,-0.07155700000000001
240.0,-31.484,118.81,2407.9,7472.5,2745.2,-83.073,65.087,7.2847,-1.8093,69.408,-0.0039216,0.13725,0.005681899999999999,0.47503,1363.7,0.047076,0.0,-4.9266,0.04239,-0.084388,69.408,0.0,0.25441,3.0,8055.0,3075.0,1000.0,669.4,60.478,1.0,0.0,0.0,4.6086,0.005427899999999999,0.0,-0.017374,0.0,0.0
244.0,-31.484,118.81,2416.5,7586.4,2797.7,-74.389,64.65899999999999,6.5407,-3.0023,68.17699999999999,-0.0039216,0.13725,-0.057330999999999986,0.47503,1368.3,0.0472,0.0,-4.8956,-0.71053,0.34507,68.17699999999999,0.0,-2.5859,3.0,8055.0,3075.0,1000.0,544.47,59.386,1.0,0.0,0.0,5.2725,-0.019877,0.0,-0.019877,0.0,0.0
248.0,-31.483,118.81,2422.8,7697.4,2850.5,-68.10300000000001,63.44600000000001,5.3193,-6.0486,67.304,-0.0039216,0.13725,-0.065475,0.47503,1371.6,0.047288,0.0,-4.9783,-0.8352,0.4074,67.304,0.0,-2.3735,4.0,9285.0,4665.0,1000.0,2411.0,41.184,1.0,0.0,0.0,22.262,-0.083927,0.0,-0.083927,0.0,0.0
252.0,-31.483,118.81,2425.8,7792.5,2898.3,-65.107,61.648,3.9288,-10.16,66.915,-0.0039216,0.13725,-0.027177,0.47503,1373.0,0.047328,0.0,-5.0487,-0.31453000000000003,0.14707,66.915,0.0,-1.6999,4.0,9285.0,4665.0,1000.0,2312.8,40.191,1.0,0.0,0.0,21.457,-0.055695,0.0,-0.08089299999999999,0.025199,-0.7590100000000001
256.0,-31.482,118.81,2425.9,7896.9,2956.4,-65.04899999999999,58.901,2.1002,-12.640999999999998,66.97,-0.0039216,0.13725,0.01115,0.47503,1372.8,0.047322,0.0,-5.0267,0.10632,-0.21224,66.97,0.0,-1.0342,4.0,9285.0,4665.0,1000.0,2201.4,39.09,1.0,0.0,0.0,19.811,-0.074689,0.0,-0.074689,0.0,0.0
260.0,-31.482,118.81,2422.2,7997.8,3018.7,-68.69,55.843,0.292,-13.508,67.556,-0.0039216,0.13725,-0.011191,0.47503,1370.6,0.047262,0.0,-5.0506,-0.15199,0.065799,67.556,0.0,0.017029,4.0,9285.0,4665.0,1000.0,2089.8,38.021,1.0,0.0,0.0,17.822,-0.067188,0.0,-0.067188,0.0,0.0
264.0,-31.481,118.81,2413.8,8109.5,3097.3,-77.029,52.399,-1.396,-12.75,68.792,-0.0039216,0.13725,0.048118,0.47503,1366.0,0.047138,0.0,-4.9832,0.32601,-0.65163,68.792,0.0,1.2127,4.0,9285.0,4665.0,1000.0,1959.4,36.864,1.0,0.0,0.0,15.535,-0.058568,0.0,-0.058568,0.0,0.0
268.0,-31.48,118.81,2401.6,8222.7,3187.0,-89.175,49.099,-2.4528,-12.198,70.493,-0.0039216,0.13725,0.020106,0.47503,1359.6,0.046968,0.0,-4.8215,0.16692,-0.33345,70.493,0.0,-0.85583,4.0,9285.0,4665.0,1000.0,1820.2,35.706,1.0,0.0,0.0,13.393,-0.050491,0.0,-0.050491,0.0,0.0
272.0,-31.479,118.81,2384.3,8355.5,3307.5,-106.3,45.385,-2.7325,-9.6348,72.747,-0.0039216,0.13725,0.048189,0.47503,1351.3,0.046746,0.0,-4.7965,0.31821,-0.6360399999999999,72.747,0.0,1.6764,4.0,9285.0,4665.0,1000.0,1645.2,34.4,1.0,0.0,0.0,10.985,-0.041415,0.0,-0.041415,0.0,0.0
276.0,-31.478,118.82,2369.9,8468.0,3420.6,-120.57,42.66,-2.0664,-8.8888,74.498,-0.0039216,0.13725,0.038702,0.47503,1344.9,0.046576,0.0,-4.7142,0.26005,-0.51971,74.498,0.0,1.1651,4.0,9285.0,4665.0,1000.0,1488.6,33.288000000000004,1.0,0.0,0.0,9.372,-0.035332,0.0,-0.035332,0.0,0.0
280.0,-31.477,118.82,2356.9,8591.4,3558.5,-133.42,39.851,-0.56986,-7.6427,75.938,-0.0039216,0.13725,0.019682,0.47503,1339.7,0.046442,0.0,-4.6585,0.13194,-0.26349,75.938,0.0,0.78309,4.0,9285.0,4665.0,1000.0,1305.9,32.082,1.0,0.0,0.0,7.7687,-0.029288,0.0,-0.029288,0.0,0.0
284.0,-31.476,118.82,2350.6,8685.8,3673.7,-139.56,37.834,0.99831,-6.9669,76.51,-0.0039216,0.13725,0.026028,0.47503,1337.8,0.046393,0.0,-4.6086,0.18114,-0.36189,76.51,0.0,0.59404,4.0,9285.0,4665.0,1000.0,1158.3,31.155,1.0,0.0,0.0,6.6795,-0.025182,0.0,-0.025182,0.0,0.0
288.0,-31.475,118.82,2348.6,8777.2,3793.0,-141.37,36.026,2.7131,-6.2718,76.513,-0.0039216,0.13725,0.015146,0.47503,1338.1,0.0464,0.0,-4.6085,0.10956,-0.21873,76.513,0.0,0.26057,4.0,9285.0,4665.0,1000.0,1009.1,30.212,1.0,0.0,0.0,5.8134,0.024015,0.0,-0.021916,0.045931,-1.3835
292.0,-31.474,118.82,2351.1,8865.1,3915.0,-138.71,34.31,4.3775,-6.0008,75.954,-0.0039216,0.13725,0.054887,0.47503,1340.4,0.046463,0.0,-4.6289,0.36937,-0.73834,75.954,0.0,1.5199,4.0,9285.0,4665.0,1000.0,859.56,29.243,1.0,0.0,0.0,5.0672,-0.0023793000000000004,0.0,-0.019103,0.016724,-0.50373
296.0,-31.473000000000006,118.82,2357.0,8942.1,4028.9,-132.66,33.016,5.7326,-4.4656,74.993,-0.0039216,0.13725,0.014469,0.47503,1344.2,0.046565,0.0,-4.6746,0.095526,-0.19066,74.993,0.0,0.74037,4.0,9285.0,4665.0,1000.0,722.61,28.33,1.0,0.0,0.0,4.6853,0.013397,0.0,-0.017664,0.0,0.0
300.0,-31.471,118.82,2366.9,9025.6,4157.3,-122.61,31.953000000000007,6.9013,-3.2795,73.512,-0.0039216,0.13725,0.010715,0.47503,1350.0,0.046718,0.0,-4.7348,0.072948,-0.1455,73.512,0.0,0.52498,4.0,9285.0,4665.0,1000.0,570.16,27.061,1.0,0.0,0.0,4.892,0.010641,0.0,-0.018443,-0.064412,1.9401
304.0,-31.47,118.82,2377.7,9098.3,4273.1,-111.65,31.096,7.4973,-4.0276,71.943,-0.0039216,0.13725,-0.04987,0.47503,1356.0,0.046878,0.0,-4.7888,-0.64935,0.31448000000000004,71.943,0.0,-1.4189,5.0,8985.0,6825.0,1000.0,2554.4,357.46,1.0,0.0,0.0,33.637,-0.12680999999999998,0.0,-0.12680999999999998,0.0,0.0
308.0,-31.469,118.82,2388.3,9162.9,4382.4,-100.9,28.796,7.3884,-13.23,70.422,-0.0039216,0.13725,-0.06728200000000001,0.47503,1361.8,0.047035,0.0,-4.8371,-0.81347,0.39654,70.422,0.0,-3.6871,5.0,8985.0,6825.0,1000.0,2449.1,355.83,1.0,0.0,0.0,32.962,-0.12427,0.0,-0.12427,0.0,0.0
312.0,-31.468000000000004,118.82,2398.2,9227.6,4506.3,-90.759,24.219,6.0582,-18.854,69.008,-0.0039216,0.13725,0.02062,0.47503,1367.1,0.047179,0.0,-4.9374,0.1532,-0.30601,69.008,0.0,-0.014969,5.0,8985.0,6825.0,1000.0,2331.4,354.03,1.0,0.0,0.0,30.192,-0.11382,0.0,-0.11382,0.0,0.0
316.0,-31.467,118.82,2403.9,9279.9,4630.4,-84.89299999999999,19.295,4.1023,-19.373,68.221,-0.0039216,0.13725,-0.007351000000000002,0.47503,1370.0,0.047259,0.0,-4.9593,-0.10237,0.040986,68.221,0.0,0.13814,5.0,8985.0,6825.0,1000.0,2214.3,352.35,1.0,0.0,0.0,26.949,-0.027294,0.0,-0.1016,0.074306,-2.2381
320.0,-31.466,118.83,2404.3,9325.0,4775.5,-84.221,13.599,1.5941,-20.209,68.202,-0.0039216,0.13725,-0.0035344,0.47503,1370.1,0.047262,0.0,-4.9546,-0.03483,0.007218899999999999,68.202,0.0,-0.21332,5.0,8985.0,6825.0,1000.0,2077.5,350.58,1.0,0.0,0.0,23.019,-0.086783,0.0,-0.086783,0.0,0.0
324.0,-31.465,118.83,2399.0,9354.2,4911.1,-89.251,8.3369,-0.56722,-19.615,68.98100000000001,-0.0039216,0.13725,0.069035,0.47503,1367.2,0.047185000000000005,0.0,-5.0021,0.45518,-0.90996,68.98100000000001,0.0,2.2803,5.0,8985.0,6825.0,1000.0,1949.2,349.08,1.0,0.0,0.0,19.255,-0.07259,0.0,-0.07259,0.0,0.0
328.0,-31.464,118.83,2391.4,9368.0,5021.6,-96.594,4.5671,-1.8043,-17.218,70.04,-0.0039216,0.13725,-0.005622,0.47503,1363.3,0.047078,0.0,-4.9148,-0.13398,0.05679600000000001,70.04,0.0,1.6409,5.0,8985.0,6825.0,1000.0,1843.7,348.01,1.0,0.0,0.0,16.558,-0.062424,0.0,-0.062424,0.0,0.0
332.0,-31.462,118.83,2379.9,9376.1,5154.9,-107.84,0.51948,-2.6538,-14.886,71.585,-0.0039216,0.13725,0.017696,0.47503,1357.5,0.046926,0.0,-4.8149,0.11246,-0.22453,71.585,0.0,1.053,5.0,8985.0,6825.0,1000.0,1715.3,346.82,1.0,0.0,0.0,13.7,-0.051648,0.0,-0.051648,0.0,0.0
336.0,-31.461,118.83,2367.3,9374.8,5289.2,-120.13,357.11,-2.7532,-12.439,73.186,-0.0039216,0.13725,0.023182,0.47503,1351.7,0.046769,0.0,-4.7599,0.15957000000000002,-0.31875,73.186,0.0,0.63161,5.0,8985.0,6825.0,1000.0,1584.5,345.76,1.0,0.0,0.0,11.355,-0.04281,0.0,-0.04281,0.0,0.0
340.0,-31.46,118.83,2355.6,9366.2,5421.9,-131.6,354.34,-2.2009,-10.536,74.60300000000002,-0.0039216,0.13725,0.061509,0.47503,1346.5,0.046633,0.0,-4.6967,0.41992,-0.83945,74.60300000000002,0.0,1.352,5.0,8985.0,6825.0,1000.0,1453.9,344.8,1.0,0.0,0.0,9.539,0.02028,0.0,-0.035962,0.056241999999999986,-1.694
344.0,-31.459,118.83,2345.0,9349.6,5565.6,-141.86,351.66,-1.1054,-9.9741,75.78399999999998,-0.0039216,0.13725,0.050113,0.47503,1342.2,0.046522,0.0,-4.6745,0.3469,-0.6934100000000001,75.78399999999998,0.0,0.91528,5.0,8985.0,6825.0,1000.0,1311.1,343.85,1.0,0.0,0.0,7.8023,-0.029415,0.0,-0.029415,0.0,0.0
348.0,-31.458,118.83,2337.9,9328.0,5702.1,-148.55,349.31,0.2694,-8.59,76.47,-0.0039216,0.13725,0.044958,0.47503,1339.9,0.046461,0.0,-4.6509,0.30336,-0.60632,76.47,0.0,1.1981,5.0,8985.0,6825.0,1000.0,1174.1,343.02,1.0,0.0,0.0,6.2884,-0.023707,0.0,-0.023707,0.0,0.0
352.0,-31.456,118.82,2334.4,9296.9,5856.1,-151.75,347.18,2.0793,-6.0726,76.664,-0.0039216,0.13725,-0.041509,0.47503,1339.4,0.04645,0.0,-4.6295,-0.63759,0.3086,76.664,0.0,1.5395,5.0,8985.0,6825.0,1000.0,1017.8,342.16,1.0,0.0,0.0,5.0191,-0.018922,0.0,-0.018922,0.0,0.0
356.0,-31.455,118.82,2335.7,9263.7,5999.0,-150.14,345.84,3.8108,-4.362,76.26100000000002,-0.0039216,0.13725,0.014078,0.47503,1341.2,0.046498000000000005,0.0,-4.6225,0.092936,-0.18548,76.26100000000002,0.0,0.73154,5.0,8985.0,6825.0,1000.0,871.77,341.36,1.0,0.0,0.0,4.4773,0.014085,0.0,-0.016878999999999998,0.011273,-0.33954
360.0,-31.453000000000007,118.82,2342.1,9222.5,6157.9,-143.31,344.74,5.5802,-3.1096,75.182,-0.0039216,0.13725,0.010069,0.47503,1345.5,0.046612,0.0,-4.6614,0.068758,-0.13712,75.182,0.0,0.50517,5.0,8985.0,6825.0,1000.0,708.13,340.41,1.0,0.0,0.0,4.3332,0.0093289,0.0,-0.016336,0.0,0.0
364.0,-31.452,118.82,2351.0,9186.3,6290.5,-134.12,344.06,6.7476,-2.3788,73.847,-0.0039216,0.13725,0.0075866,0.47503,1350.7,0.046752,0.0,-4.7162,0.053657,-0.10692,73.847,0.0,0.37313,5.0,8985.0,6825.0,1000.0,571.13,339.36,1.0,0.0,0.0,4.7006,0.0071363,0.0,-0.017721,0.0,0.0
368.0,-31.451,118.82,2362.6,9146.5,6428.7,-122.17,343.3,7.5322,-4.7897,72.158,-0.0039216,0.13725,-0.054686,0.47503,1357.2,0.046925,0.0,-4.7668,-0.69606,0.33783,72.158,0.0,-1.9557,5.0,8985.0,6825.0,1000.0,427.97,337.82,1.0,0.0,0.0,5.4806,-0.020662,0.0,-0.020662,0.0,0.0
372.0,-31.45,118.82,2374.6,9105.3,6560.7,-109.83,341.32,7.5264,-9.0179,70.435,-0.0039216,0.13725,-0.032798,0.47503,1363.7,0.047101,0.0,-4.8697,-0.40994,0.19478,70.435,0.0,-1.2787,6.0,7995.0,8085.0,1000.0,1885.8,323.93,1.0,0.0,0.0,17.39,-0.06556100000000001,0.0,-0.06556100000000001,0.0,0.0
376.0,-31.449,118.82,2384.8,9063.4,6680.3,-99.326,338.74,6.8425,-11.29,68.983,-0.0039216,0.13725,0.02328,0.47503,1369.2,0.047249,0.0,-4.9419,0.17377,-0.34714,68.983,0.0,-0.12348,6.0,7995.0,8085.0,1000.0,1764.9,322.75,1.0,0.0,0.0,15.993,-0.0146,0.0,-0.060294000000000014,0.045694,-1.3763
380.0,-31.448,118.82,2392.8,9015.6,6797.5,-91.101,335.7,5.5578,-12.842,67.869,-0.0039216,0.13725,0.0015755,0.47503,1373.3,0.047362,0.0,-5.0446,0.008578,-0.016763999999999998,67.869,0.0,0.47949,6.0,7995.0,8085.0,1000.0,1643.0,321.6,1.0,0.0,0.0,14.102,0.017041999999999998,0.0,-0.053166,0.070208,-2.1147
384.0,-31.447,118.82,2397.1,8964.2,6906.1,-86.43,332.77,3.985,-12.536,67.277,-0.0039216,0.13725,0.035503,0.47503,1375.5,0.047422000000000006,0.0,-5.0432,0.23711,-0.47382,67.277,0.0,1.1536,6.0,7995.0,8085.0,1000.0,1526.2,320.58,1.0,0.0,0.0,12.198,-0.045985000000000005,0.0,-0.045985000000000005,0.0,0.0
388.0,-31.446,118.82,2398.0,8904.1,7018.7,-85.28,329.89,2.2088,-11.423,67.21,-0.0039216,0.13725,0.030933,0.47503,1375.8,0.047428,0.0,-5.0627,0.20642,-0.41245,67.21,0.0,1.0525,6.0,7995.0,8085.0,1000.0,1401.2,319.55,1.0,0.0,0.0,10.335,-0.038963,0.0,-0.038963,0.0,0.0
392.0,-31.445,118.82,2394.3,8829.4,7142.3,-88.62100000000002,326.92,0.36259,-9.7513,67.798,-0.0039216,0.13725,0.0061113,0.47503,1373.6,0.047369,0.0,-5.0385,0.030012,-0.059632,67.798,0.0,1.0297,6.0,7995.0,8085.0,1000.0,1259.0,318.49,1.0,0.0,0.0,8.4353,-0.031801,0.0,-0.031801,0.0,0.0
396.0,-31.444000000000006,118.82,2388.1,8762.8,7242.2,-94.558,324.77,-0.82988,-8.5415,68.71300000000001,-0.0039216,0.13725,0.020668,0.47503,1370.1,0.047276,0.0,-5.0105,0.1298,-0.25921,68.71300000000001,0.0,1.2365,6.0,7995.0,8085.0,1000.0,1140.1,317.67,1.0,0.0,0.0,7.102,-0.026775,0.0,-0.026775,0.0,0.0
400.0,-31.443,118.82,2379.5,8689.6,7343.6,-102.86,322.81,-1.6428,-8.0973,69.919,-0.0039216,0.13725,0.007067399999999999,0.47503,1365.6,0.047154,0.0,-4.9183,0.052956,-0.10552,69.919,0.0,0.21252,6.0,7995.0,8085.0,1000.0,1015.9,316.87,1.0,0.0,0.0,5.9413,-0.022399,0.0,-0.022399,0.0,0.0
404.0,-31.442,118.82,2368.7,8604.0,7453.3,-113.41,320.85,-1.989,-6.5674,71.374,-0.0039216,0.13725,0.022206,0.47503,1360.2,0.04701,0.0,-4.8755,0.14132999999999998,-0.28227,71.374,0.0,1.2132,6.0,7995.0,8085.0,1000.0,877.48,316.05,1.0,0.0,0.0,4.7991,0.019702,0.0,-0.018092,0.0,0.0
408.0,-31.441,118.82,2357.9,8516.3,7559.6,-123.89,319.42,-1.7642,-4.7873,72.74600000000002,-0.0039216,0.13725,0.015475999999999997,0.47503,1355.1,0.046876,0.0,-4.7885,0.10228,-0.20417,72.74600000000002,0.0,0.75858,6.0,7995.0,8085.0,1000.0,740.15,315.22,1.0,0.0,0.0,4.1914,0.014362,0.0,-0.015802,0.0,0.0
412.0,-31.44,118.82,2348.3,8426.4,7663.8,-133.11,318.37,-1.0788,-3.5266,73.885,-0.0039216,0.13725,0.011444,0.47503,1351.0,0.046766,0.0,-4.7321,0.077463,-0.15453,73.885,0.0,0.55983,6.0,7995.0,8085.0,1000.0,602.96,314.32,1.0,0.0,0.0,4.053,0.011369,0.0,-0.015280000000000004,-0.048269,1.4539
416.0,-31.439,118.81,2341.3,8339.4,7761.0,-139.87,317.63,-0.12197,-2.6645,74.66,-0.0039216,0.13725,0.008973,0.47503,1348.2,0.046693,0.0,-4.6938,0.062392,-0.12439,74.66,0.0,0.43104,6.0,7995.0,8085.0,1000.0,472.9,313.25,1.0,0.0,0.0,4.3761,0.0079934,0.0,-0.016498,0.0,0.0
420.0,-31.438,118.81,2336.2,8234.3,7874.7,-144.65,316.47,1.2346,-6.9607,75.126,-0.0039216,0.13725,-0.050071,0.47503,1346.7,0.046654,0.0,-4.6618,-0.60487,0.29224,75.126,0.0,-2.6715,7.0,6135.0,8955.0,1000.0,2361.0,297.23,1.0,0.0,0.0,19.24,-0.072536,0.0,-0.072536,0.0,0.0
424.0,-31.437,118.81,2334.6,8132.8,7978.6,-145.87,313.92,2.3701,-10.437,75.12899999999998,-0.0039216,0.13725,-0.015551,0.47503,1346.9,0.04666,0.0,-4.6279,-0.13682,0.058213,75.12899999999998,0.0,-1.9798,7.0,6135.0,8955.0,1000.0,2223.6,296.05,1.0,0.0,0.0,17.875999999999994,-0.06739400000000001,0.0,-0.06739400000000001,0.0,0.0
428.0,-31.436,118.81,2335.5,8042.9,8062.2,-144.75,311.29,3.1833,-11.71,74.855,-0.0039216,0.13725,-0.017368,0.47503,1348.1,0.046693,0.0,-4.685,-0.23026,0.10493,74.855,0.0,-0.22676,7.0,6135.0,8955.0,1000.0,2106.4,295.08,1.0,0.0,0.0,16.218,-0.061142,0.0,-0.061142,0.0,0.0
432.0,-31.435,118.81,2338.5,7934.9,8153.5,-141.44,308.11,3.98,-12.300999999999998,74.28699999999998,-0.0039216,0.13725,-0.011265,0.47503,1350.4,0.046754,0.0,-4.6988,-0.13549,0.05755,74.28699999999998,0.0,-0.45953,7.0,6135.0,8955.0,1000.0,1970.3,294.0,1.0,0.0,0.0,14.107,-0.053182000000000014,0.0,-0.053182000000000014,0.0,0.0
436.0,-31.435,118.81,2343.3,7821.0,8239.3,-136.41,304.89,4.5912,-11.574000000000002,73.506,-0.0039216,0.13725,0.010194,0.47503,1353.5,0.046838,0.0,-4.7762,0.061207,-0.12202,73.506,0.0,0.92133,7.0,6135.0,8955.0,1000.0,1831.7,293.0,1.0,0.0,0.0,11.89,-0.044823,0.0,-0.044823,0.0,0.0
440.0,-31.434,118.81,2349.6,7695.6,8323.5,-129.78,301.96,5.0493,-9.3152,72.523,-0.0039216,0.13725,-0.0032787,0.47503,1357.3,0.046941,0.0,-4.79,-0.057407000000000014,0.018507,72.523,0.0,0.43505,7.0,6135.0,8955.0,1000.0,1683.5,292.03,1.0,0.0,0.0,9.933,-0.037447,0.0,-0.037447,0.0,0.0
444.0,-31.433000000000003,118.81,2356.7,7565.0,8402.1,-122.38,299.37,5.2113,-8.3968,71.455,-0.0039216,0.13725,0.0091924,0.47503,1361.4,0.047052,0.0,-4.8477,0.058091,-0.11579,71.455,0.0,0.72709,7.0,6135.0,8955.0,1000.0,1533.2,291.14,1.0,0.0,0.0,8.2286,-0.031022000000000008,0.0,-0.031022000000000008,0.0,0.0
448.0,-31.433000000000003,118.81,2363.5,7435.2,8473.1,-115.35,297.16,5.032,-7.3816,70.458,-0.0039216,0.13725,0.002213,0.47503,1365.3,0.047155,0.0,-4.8913,0.015889,-0.031386000000000004,70.458,0.0,0.34042,7.0,6135.0,8955.0,1000.0,1386.6,290.34,1.0,0.0,0.0,6.8265,-0.025736,0.0,-0.025736,0.0,0.0
452.0,-31.432,118.8,2369.8,7287.2,8546.6,-108.75,294.99,4.4476,-6.1986,69.54,-0.0039216,0.13725,0.00067277,0.47503,1368.8,0.04725,0.0,-4.9262,-0.022108000000000003,0.00085763,69.54,0.0,0.97124,7.0,6135.0,8955.0,1000.0,1222.5,289.52,1.0,0.0,0.0,5.4714,-0.020627,0.0,-0.020627,0.0,0.0
456.0,-31.431,118.8,2373.8,7134.9,8615.4,-104.4,293.2,3.5378,-4.9057,68.959,-0.0039216,0.13725,0.016222999999999998,0.47503,1371.0,0.047310000000000005,0.0,-4.9641,0.10797,-0.21554,68.959,0.0,0.7337899999999999,7.0,6135.0,8955.0,1000.0,1056.0,288.76,1.0,0.0,0.0,4.4431,0.015976,0.0,-0.016751,0.032626,-0.98271
460.0,-31.431,118.8,2375.0,7002.2,8671.6,-103.04,292.03,2.6211,-3.6515,68.805,-0.0039216,0.13725,0.01159,0.47503,1371.5,0.047326,0.0,-4.9689999999999985,0.07902999999999999,-0.15767,68.805,0.0,0.52841,7.0,6135.0,8955.0,1000.0,912.31,288.1,1.0,0.0,0.0,3.9294,0.011528,0.0,-0.014814,-0.011777,0.35474
464.0,-31.43,118.8,2373.7,6862.9,8727.3,-104.1,291.12,1.6845,-2.6666,68.994,-0.0039216,0.13725,0.0085421,0.47503,1370.9,0.047308,0.0,-4.9591,0.060253,-0.12011,68.994,0.0,0.37953,7.0,6135.0,8955.0,1000.0,762.66,287.37,1.0,0.0,0.0,3.7535,0.0079997,0.0,-0.014151,0.0,0.0
468.0,-31.43,118.8,2370.4,6730.9,8778.0,-107.16,290.49,0.93802,-2.0026,69.453,-0.0039216,0.13725,0.006404899999999999,0.47503,1369.2,0.047263,0.0,-4.9359,0.046988,-0.093584,69.453,0.0,0.2811,7.0,6135.0,8955.0,1000.0,621.59,286.55,1.0,0.0,0.0,3.9391,0.006007800000000001,0.0,-0.014851,0.0,0.0
472.0,-31.429,118.8,2366.1,6611.9,8822.1,-111.21,290.05,0.45607,-1.5583,70.028,-0.0039216,0.13725,0.0046957,0.47503,1367.0,0.047205,0.0,-4.9069,0.03615,-0.071908,70.028,0.0,0.21516,7.0,6135.0,8955.0,1000.0,495.06,285.58,1.0,0.0,0.0,4.4677,0.004674899999999999,0.0,-0.016843,0.0,0.0
476.0,-31.429,118.8,2360.5,6478.4,8870.8,-116.68,289.61,0.17154,-1.5164,70.774,-0.0039216,0.13725,0.004836399999999999,0.47503,1364.3,0.047131,0.0,-4.8798,0.037494,-0.07459600000000001,70.774,0.0,0.19643,8.0,3225.0,10275.0,1000.0,3543.5,293.35,1.0,0.0,0.0,-3.7316,0.004785,0.0,0.014068,0.015175,-0.45708
480.0,-31.429,118.79,2354.6,6347.1,8917.7,-122.32,289.24,0.1685,-1.1687,71.51100000000002,-0.0039216,0.13725,0.0037743,0.47503,1361.6,0.047060000000000005,0.0,-4.8343,0.030728,-0.061063,71.51100000000002,0.0,0.15718,8.0,3225.0,10275.0,1000.0,3404.4,293.5,1.0,0.0,0.0,-4.2596,0.0035060000000000004,0.0,0.016059,0.0,0.0
484.0,-31.428,118.79,2349.0,6210.7,8965.1,-127.73,288.94,0.42942,-0.89896,72.185,-0.0039216,0.13725,0.0029646,0.47503,1359.1,0.046995,0.0,-4.8007,0.025755,-0.051119,72.185,0.0,0.11775,8.0,3225.0,10275.0,1000.0,3260.4,293.69,1.0,0.0,0.0,-4.7513,0.0026969,0.0,0.017912,0.0,0.0
488.0,-31.428,118.79,2344.6,6083.0,9009.2,-131.92,288.74,0.8886,0.071575,72.673,-0.0039216,0.13725,0.021383000000000003,0.47503,1357.4,0.04695,0.0,-4.7952,0.1364,-0.27241,72.673,0.0,1.1662,8.0,3225.0,10275.0,1000.0,3125.7,293.89,1.0,0.0,0.0,-5.1478,0.019341,0.0,0.019407,-6.5767e-05,0.0019809000000000003
492.0,-31.427,118.79,2341.5,5954.6,9053.3,-134.85,289.04,1.4698,1.7877,72.976,-0.0039216,0.13725,0.0095319,0.47503,1356.4,0.046923,0.0,-4.7577,0.062242,-0.12409,72.976,0.0,0.64415,8.0,3225.0,10275.0,1000.0,2990.5,294.11,1.0,0.0,0.0,-5.0763,0.019138,0.0,0.019138,0.0,0.0
496.0,-31.427,118.79,2339.8,5817.4,9101.4,-136.32,289.57,2.1577,1.7425,73.069,-0.0039216,0.13725,-0.005831,0.47503,1356.2,0.046918,0.0,-4.7452,-0.063261,0.021434,73.069,0.0,-0.32478,8.0,3225.0,10275.0,1000.0,2845.7,294.36,1.0,0.0,0.0,-4.7847,-0.0052275,0.0,0.018038,0.0,0.0
500.0,-31.426,118.79,2340.0,5676.0,9152.5,-135.97,289.94,2.8788,1.1912,72.916,-0.0039216,0.13725,-0.0041075,0.47503,1356.9,0.046937,0.0,-4.7527,-0.042277,0.010942,72.916,0.0,-0.23436,8.0,3225.0,10275.0,1000.0,2695.8,294.61,1.0,0.0,0.0,-4.6638,-0.0035736,0.0,0.017583,0.0,0.0
504.0,-31.426,118.79,2342.1,5523.6,9208.4,-133.61,290.2,3.56,0.76928,72.493,-0.0039216,0.13725,-0.0027194000000000003,0.47503,1358.6,0.046984,0.0,-4.7734,-0.025245,0.0024263,72.493,0.0,-0.16513,8.0,3225.0,10275.0,1000.0,2534.0,294.89,1.0,0.0,0.0,-4.6891,-0.0023079,0.0,0.017678,0.0,0.0
508.0,-31.425,118.78,2345.8,5374.2,9263.9,-129.73,290.36,4.0388,0.48114,71.881,-0.0039216,0.13725,-0.0016799,0.47503,1361.0,0.047049,0.0,-4.8025,-0.012469,-0.0039618000000000006,71.881,0.0,-0.1139,8.0,3225.0,10275.0,1000.0,2375.1,295.2,1.0,0.0,0.0,-4.8397,-0.0014434,0.0,0.018246,0.0,0.0
512.0,-31.425,118.78,2350.8,5212.4,9324.5,-124.49,290.47,4.2779,0.99935,71.097,-0.0039216,0.13725,0.019167,0.47503,1364.1,0.047132,0.0,-4.8562,0.12547,-0.25056,71.097,0.0,0.91368,8.0,3225.0,10275.0,1000.0,2203.0,295.56,1.0,0.0,0.0,-5.0881,0.013155000000000002,0.0,0.019182,-0.0060265,0.18152
516.0,-31.424,118.78,2356.1,5043.3,9388.7,-118.95,291.19,4.13,2.1139,70.294,-0.0039216,0.13725,-0.0069351,0.47503,1367.2,0.047216,0.0,-4.8665,-0.077707,0.028657,70.294,0.0,-0.35428000000000004,8.0,3225.0,10275.0,1000.0,2022.9,295.99,1.0,0.0,0.0,-4.8001,-0.006794199999999999,0.0,0.018096,-0.007592100000000002,0.22868
520.0,-31.424,118.78,2360.1,4883.0,9452.0,-114.7,291.71,3.659,1.3893,69.693,-0.0039216,0.13725,-0.0046113,0.47503,1369.5,0.047278,0.0,-4.9041,-0.0486,0.014103999999999997,69.693,0.0,-0.25452,8.0,3225.0,10275.0,1000.0,1851.0,296.4,1.0,0.0,0.0,-4.6874,-0.004168,0.0,0.017671,0.0,0.0
524.0,-31.423,118.78,2362.3,4721.2,9517.0,-112.29,292.05,2.9498,0.8836200000000001,69.365,-0.0039216,0.13725,-0.002882,0.47503,1370.7,0.047313,0.0,-4.9246,-0.027195,0.0034015,69.365,0.0,-0.17368,8.0,3225.0,10275.0,1000.0,1677.3,296.87,1.0,0.0,0.0,-4.8207,-0.0026508000000000005,0.0,0.018174,0.0,0.0
528.0,-31.423,118.77,2362.1,4554.3,9585.4,-112.27,292.32,2.1331,1.7466,69.381,-0.0039216,0.13725,0.016738999999999997,0.47503,1370.7,0.047312,0.0,-4.9425,0.10776,-0.21513,69.381,0.0,0.9299,8.0,3225.0,10275.0,1000.0,1497.6,297.42,1.0,0.0,0.0,-5.0948,0.019207,0.0,0.019207,0.0,0.0
532.0,-31.422,118.77,2359.8,4405.6,9647.7,-114.38,293.13,1.4408,2.4901,69.687,-0.0039216,0.13725,-0.007511199999999998,0.47503,1369.6,0.047283,0.0,-4.898,-0.084128,0.031868,69.687,0.0,-0.39931,8.0,3225.0,10275.0,1000.0,1336.9,297.98,1.0,0.0,0.0,-4.8585,-0.0074702,0.0,0.018316,0.0,0.0
536.0,-31.421,118.77,2355.1,4233.6,9722.4,-118.87,293.79,0.8771,1.5572,70.306,-0.0039216,0.13725,-0.0052042,0.47503,1367.3,0.047222,0.0,-4.8781,-0.055757000000000015,0.017682,70.306,0.0,-0.28767,8.0,3225.0,10275.0,1000.0,1150.1,298.72,1.0,0.0,0.0,-4.9262,-0.0046716,0.0,0.018572,0.0,0.0
540.0,-31.421,118.77,2350.2,4092.2,9785.5,-123.53,294.26,0.6844399999999999,2.4493,70.923,-0.0039216,0.13725,0.01951,0.47503,1365.1,0.047162,0.0,-4.8502,0.12605,-0.2517,70.923,0.0,1.0161,8.0,3225.0,10275.0,1000.0,995.75,299.44,1.0,0.0,0.0,-5.1814,0.019534,0.0,0.019534,0.0,0.0
544.0,-31.42,118.77,2344.8,3938.3,9856.5,-128.77,295.43,0.7199,3.995,71.584,-0.0039216,0.13725,-0.011859,0.47503,1362.7,0.047098,0.0,-4.7995,-0.14795,0.06377999999999999,71.584,0.0,-0.35642,8.0,3225.0,10275.0,1000.0,827.04,300.4,1.0,0.0,0.0,-4.9723,-0.011985,0.0,0.018745,0.0,0.0
548.0,-31.419,118.77,2340.1,3791.8,9928.0,-133.28,296.44,1.0129,2.7813,72.12100000000002,-0.0039216,0.13725,0.026283,0.47503,1360.7,0.047048,0.0,-4.7841,0.19108,-0.38176,72.12100000000002,0.0,0.13151,8.0,3225.0,10275.0,1000.0,664.53,301.47,1.0,0.0,0.0,-5.0367,0.056785,0.0,0.018988,0.037797,-1.1385
552.0,-31.419,118.77,2336.6,3648.8,10001.0,-136.56,297.67,1.4795,5.1784,72.473,-0.0039216,0.13725,0.035154000000000005,0.47503,1359.5,0.047016,0.0,-4.7688,0.22788000000000005,-0.45536,72.473,0.0,1.5264,8.0,3225.0,10275.0,1000.0,504.86,302.91,1.0,0.0,0.0,-5.2421,0.019763,0.0,0.019763,0.0,0.0
556.0,-31.418000000000006,118.76,2334.2,3470.3,10099.0,-138.8,301.02,1.9657,12.237,72.64699999999998,-0.0039216,0.13725,0.028444,0.47503,1359.1,0.047004,0.0,-4.7063,0.17927,-0.35814,72.64699999999998,0.0,1.5606,9.0,2295.0,11805.0,1000.0,2071.4,325.43,1.0,0.0,0.0,-24.408,0.09202,0.0,0.09202,0.0,0.0
560.0,-31.417,118.76,2332.8,3315.8,10200.0,-139.92,305.97,1.9747,14.886,72.681,-0.0039216,0.13725,-0.023303,0.47503,1359.1,0.047006,0.0,-4.678,-0.30275,0.14118,72.681,0.0,-0.55401,9.0,2295.0,11805.0,1000.0,1902.2,327.55,1.0,0.0,0.0,-21.574,0.081335,0.0,0.081335,0.0,0.0
564.0,-31.416,118.76,2331.5,3180.8,10304.0,-140.98,310.68,1.9665,14.2,72.72,-0.0039216,0.13725,-0.0052514,0.47503,1359.1,0.047007,0.0,-4.6955,-0.044905,0.012256,72.72,0.0,-0.59135,9.0,2295.0,11805.0,1000.0,1742.6,329.45,1.0,0.0,0.0,-18.764,0.07074,0.0,0.07074,0.0,0.0
568.0,-31.415,118.76,2330.2,3039.4,10436.0,-142.05,315.64,2.0852,12.976,72.742,-0.0039216,0.13725,-0.0029161,0.47503,1359.1,0.04701,0.0,-4.6984,-0.009734,-0.0053292,72.742,0.0,-0.61741,9.0,2295.0,11805.0,1000.0,1558.6,331.47,1.0,0.0,0.0,-15.837,-0.0044892,0.0,0.059707,-0.064196,1.9336
572.0,-31.414,118.76,2329.5,2920.4,10565.0,-142.54,319.8,2.294,12.304,72.697,-0.0039216,0.13725,-0.028227,0.47503,1359.5,0.04702,0.0,-4.702,-0.35938000000000003,0.16949,72.697,0.0,-0.90711,9.0,2295.0,11805.0,1000.0,1389.0,333.24,1.0,0.0,0.0,-13.439,0.050665,0.0,0.050665,0.0,0.0
576.0,-31.412,118.76,2329.5,2794.1,10725.0,-142.29,324.43,2.5737,10.972,72.539,-0.0039216,0.13725,-0.030022000000000007,0.47503,1360.2,0.047041,0.0,-4.6853,-0.35392,0.16676,72.539,0.0,-1.711,9.0,2295.0,11805.0,1000.0,1189.5,335.19,1.0,0.0,0.0,-10.755,0.040545,0.0,0.040545,0.0,0.0
580.0,-31.411,118.76,2330.3,2694.7,10872.0,-141.28,327.84,2.8677,9.1214,72.303,-0.0039216,0.13725,-0.024504,0.47503,1361.3,0.04707,0.0,-4.6752,-0.24922,0.11441,72.303,0.0,-2.4299,9.0,2295.0,11805.0,1000.0,1015.3,336.81,1.0,0.0,0.0,-8.9706,0.033819,0.0,0.033819,0.0,0.0
584.0,-31.41,118.75,2331.8,2604.1,11023.0,-139.49,330.78,3.1345,8.5691,71.968,-0.0039216,0.13725,0.029042,0.47503,1362.6,0.047108,0.0,-4.7903,0.20049,-0.40059,71.968,0.0,0.68382,9.0,2295.0,11805.0,1000.0,840.45,338.42,1.0,0.0,0.0,-7.6387,-0.046032,0.0,0.028798,-0.07483,2.2539
588.0,-31.408,118.75,2334.1,2515.6,11190.0,-136.96,333.66,3.2953,7.9356,71.543,-0.0039216,0.13725,0.041799,0.47503,1364.4,0.047155,0.0,-4.8185,0.27138,-0.54237,71.543,0.0,1.7248,9.0,2295.0,11805.0,1000.0,653.8,340.28,1.0,0.0,0.0,-6.6203,0.024959,0.0,0.024959,0.0,0.0
592.0,-31.407,118.75,2336.5,2436.5,11360.0,-134.31,336.66,3.2351,8.2477,71.115,-0.0039216,0.13725,-0.07231599999999999,0.47503,1366.1,0.047201,0.0,-4.7360000000000015,-0.94106,0.46033,71.115,0.0,-2.1879,9.0,2295.0,11805.0,1000.0,467.3,342.37,1.0,0.0,0.0,-5.7142,0.021542,0.0,0.021542,0.0,0.0
596.0,-31.405,118.75,2337.8,2361.1,11555.0,-132.77,343.09,2.0619,24.151,70.852,-0.0039216,0.13725,0.089805,0.47503,1367.2,0.047232,0.0,-4.7467,0.56304,-1.1257,70.852,0.0,4.5421,10.0,3705.0,13605.0,1000.0,2451.5,33.244,1.0,0.0,0.0,-50.15,0.016305,0.0,0.18907,-0.17276,5.2036
600.0,-31.403,118.75,2331.8,2316.8,11749.0,-138.55,353.0,-0.79247,27.815,71.608,-0.0039216,0.13725,-0.027484,0.47503,1364.5,0.047161,0.0,-4.6297,-0.37252,0.17606,71.608,0.0,-0.3069,10.0,3705.0,13605.0,1000.0,2318.1,36.787,1.0,0.0,0.0,-43.787,0.16508,0.0,0.16508,0.0,0.0
604.0,-31.401,118.75,2315.6,2308.2,11961.0,-154.54,3.6365,-3.0911,26.682,73.655,-0.0039216,0.13725,0.0049631,0.47503,1356.9,0.046962,0.0,-4.5335,0.062959,-0.12552,73.655,0.0,-1.0351,10.0,3705.0,13605.0,1000.0,2157.5,40.349,1.0,0.0,0.0,-36.712,0.1384,0.0,0.1384,0.0,0.0
608.0,-31.399,118.75,2293.1,2339.4,12180.0,-176.79,13.197,-3.3403,21.271,76.318,-0.0039216,0.13725,0.11554,0.47503,1347.2,0.046706,0.0,-4.5,0.8044100000000001,-1.6084,76.318,0.0,1.2446,10.0,3705.0,13605.0,1000.0,1973.8,43.779,1.0,0.0,0.0,-30.582,0.11529,0.0,0.11529,0.0,0.0
612.0,-31.397,118.75,2273.7,2402.6,12385.0,-196.04,21.779,-2.11,20.801,78.402,-0.0039216,0.13725,-0.050192,0.47503,1339.7,0.046513,0.0,-4.3916,-0.64086,0.31023,78.402,0.0,-1.8103,10.0,3705.0,13605.0,1000.0,1784.5,46.874,1.0,0.0,0.0,-25.095,0.094608,0.0,0.094608,0.0,0.0
616.0,-31.396,118.75,2260.8,2498.5,12587.0,-208.71,29.227,0.43397,16.421,79.521,-0.0039216,0.13725,-0.015462,0.47503,1335.9,0.046419,0.0,-4.3743,-0.17601,0.077807,79.521,0.0,-0.95453,10.0,3705.0,13605.0,1000.0,1578.4,49.855,1.0,0.0,0.0,-20.628,-0.047668,0.0,0.077767,-0.12543,3.7781
620.0,-31.393,118.75,2260.4,2643.7,12812.0,-208.93,36.78,4.1811,14.569,78.98100000000002,-0.0039216,0.13725,0.012383,0.47503,1338.6,0.046493,0.0,-4.419,0.10243,-0.20447,78.98100000000002,0.0,-0.40109,10.0,3705.0,13605.0,1000.0,1324.9,53.234,1.0,0.0,0.0,-16.454,0.06203,0.0,0.06203,0.0,0.0
624.0,-31.392,118.76,2270.3,2763.5,12959.0,-198.93,41.71,6.6417,13.278,77.366,-0.0039216,0.13725,-0.026672,0.47503,1345.1,0.046665,0.0,-4.463,-0.33047,0.15504,77.366,0.0,-1.1023,10.0,3705.0,13605.0,1000.0,1141.8,55.544,1.0,0.0,0.0,-13.835,0.052157,0.0,0.052157,0.0,0.0
628.0,-31.391,118.76,2284.7,2877.5,13078.0,-184.46,45.659,8.3238,12.36,75.256,-0.0039216,0.13725,0.014401,0.47503,1353.4,0.046884,0.0,-4.5614,0.1133,-0.22622,75.256,0.0,-0.19,10.0,3705.0,13605.0,1000.0,980.92,57.522,1.0,0.0,0.0,-11.863,-0.060661,0.0,0.044723,-0.10538,3.1742
632.0,-31.39,118.76,2305.7,3018.4,13206.0,-163.46,50.167,9.3069,11.46,72.278,-0.0039216,0.13725,0.0056734,0.47503,1364.9,0.04719,0.0,-4.7123,0.06627999999999999,-0.13217,72.278,0.0,-0.96381,10.0,3705.0,13605.0,1000.0,794.04,59.852,1.0,0.0,0.0,-9.685,0.036513,0.0,0.036513,0.0,0.0
636.0,-31.389,118.76,2323.7,3142.5,13303.0,-145.39,53.691,9.132,11.203,69.726,-0.0039216,0.13725,0.013281,0.47503,1374.6,0.047451,0.0,-4.8091,0.12169,-0.24299,69.726,0.0,-1.026,10.0,3705.0,13605.0,1000.0,638.18,61.804,1.0,0.0,0.0,-8.1134,-0.023928,0.0,0.030588,-0.054515,1.642
640.0,-31.388,118.76,2338.8,3265.3,13389.0,-130.31,56.966,7.992000000000001,10.773,67.597,-0.0039216,0.13725,-0.0028267,0.47503,1382.6,0.047669,0.0,-4.8826,0.019243,-0.038094,67.597,0.0,-1.6285,10.0,3705.0,13605.0,1000.0,490.07,63.805,1.0,0.0,0.0,-6.8392,0.025784,0.0,0.025784,0.0,0.0
